,
0.2270869,0.1216865
0.2270918,0.1216901
0.2270788,0.1216846
0.22706,0.1216712
0.2270669,0.1216833
0.2270965,0.1216887
0.2270924,0.1216947
0.2270866,0.1216834
0.2270781,0.1216802
0.2270734,0.1216771
0.2270648,0.1216774
0.2270573,0.1216807
0.2270673,0.1216783
0.2270723,0.1216882
0.2270624,0.1216855
0.2270659,0.1216834
0.227073,0.1216891
0.2270683,0.1216797
0.2270746,0.1216821
0.2270758,0.1216754
0.2270778,0.1216875
0.2270631,0.1216732
0.227088,0.1216851
0.2270894,0.1216838
0.2270821,0.1216786
0.2270788,0.1216724
0.2270645,0.1216853
0.227073,0.1216858
0.2270624,0.1216729
0.2270768,0.1216846
0.2270798,0.1216818
0.2270566,0.121672
0.2270754,0.1216844
0.2270774,0.1216785
0.2270723,0.1216748
0.2270645,0.1216773
0.2270716,0.1216848
0.2270706,0.1216884
0.2270539,0.12168
0.2270495,0.1216898
0.227045,0.1216849
0.2270485,0.1216841
0.227043,0.1216811
0.2270509,0.121686
0.2270505,0.1216974
0.2270373,0.1216919
0.2270406,0.1216889
0.2270608,0.1216921
0.2270546,0.1216898
0.2270331,0.1216715
0.2270499,0.1216841
0.2270458,0.1216749
0.2270386,0.1216722
0.2270308,0.1216606
0.227059,0.1216659
0.2270246,0.1216708
0.2270195,0.1216669
0.2270379,0.1216799
0.227027,0.1216774
0.2270181,0.1216718
0.2270215,0.1216613
0.2270233,0.1216635
0.2270093,0.1216642
0.2270021,0.1216652
0.2270124,0.1216574
0.2270063,0.1216603
0.2269991,0.121664
0.2270004,0.1216715
0.2270015,0.1216816
0.2270035,0.1216783
0.2269858,0.1216633
0.2270189,0.1216609
0.2270318,0.1216526
0.2270039,0.1216562
0.2270031,0.1216553
0.227011,0.1216608
0.2269968,0.1216659
0.2269725,0.1216581
0.2269916,0.1216661
0.2269868,0.1216591
0.22701,0.1216586
0.2270073,0.1216635
0.2269936,0.121664
0.2269868,0.1216661
0.226994,0.1216594
0.2269933,0.1216557
0.2269943,0.1216562
0.2269923,0.1216489
0.2269964,0.1216518
0.226994,0.1216503
0.2269776,0.1216523
0.2269688,0.1216543
0.2269974,0.1216724
0.2269794,0.1216567
0.226981,0.1216506
0.2269933,0.1216563
0.22698,0.1216526
0.2269936,0.1216541
0.2269776,0.1216521
0.2269868,0.1216509
0.2269701,0.121647
0.2269534,0.1216433
0.2269678,0.1216516
0.2269739,0.1216501
0.2269606,0.1216499
0.2269456,0.1216465
0.2269745,0.1216456
0.2269561,0.1216487
0.2269589,0.1216451
0.226947,0.1216456
0.226935,0.12164
0.2269238,0.1216378
0.2269279,0.1216323
0.2269358,0.1216363
0.2269218,0.1216293
0.226918,0.1216339
0.2269296,0.1216216
0.2269255,0.1216269
0.2269364,0.1216221
0.2269143,0.1216208
0.2269286,0.1216294
0.2269336,0.1216266
0.2269184,0.1216316
0.2269211,0.1216301
0.2269286,0.1216373
0.2269293,0.1216384
0.2269119,0.1216353
0.2269105,0.1216279
0.2269166,0.1216329
0.2269344,0.1216384
0.2269081,0.1216422
0.2269289,0.1216363
0.2269299,0.1216342
0.2269334,0.1216341
0.2269245,0.1216313
0.2269334,0.1216346
0.2269439,0.1216339
0.2268973,0.1216298
0.2269204,0.1216347
0.2269174,0.1216436
0.2269026,0.1216311
0.2268986,0.1216381
0.226918,0.1216279
0.2268918,0.1216247
0.2269133,0.1216273
0.2269198,0.1216376
0.226916,0.1216459
0.2268993,0.1216426
0.2268815,0.1216356
0.2268751,0.1216286
0.226888,0.1216346
0.226885,0.1216356
0.2268986,0.1216269
0.2545303,0.1301083
0.733344,0.2796165
1.46205,0.5099825
1.969268,0.6719595
2.250542,0.7625765
2.390314,0.807978
2.454736,0.8290385
2.482506,0.8381775
2.499876,0.8437685
2.722242,0.91257
3.264608,1.081707
3.7995,1.250207
4.181604,1.371812
4.417612,1.447626
4.55238,1.491241
4.625868,1.515194
4.66492,1.527992
4.68542,1.534769
4.696088,1.538314
4.701732,1.540157
4.704772,1.541221
4.706596,1.541819
4.707684,1.542181
4.70848,1.542422
4.70916,1.542608
4.70988,1.542788
4.710572,1.543011
4.7112,1.543263
4.711716,1.543426
4.712052,1.543544
4.712448,1.543634
4.712876,1.543708
4.713248,1.543838
4.713656,1.543958
4.714024,1.544095
4.71424,1.544183
4.714412,1.544194
4.71456,1.544266
4.714892,1.544365
4.715092,1.544432
4.715308,1.544544
4.715548,1.54463
4.715824,1.544667
4.715936,1.544693
4.716048,1.544741
4.716084,1.544725
4.716328,1.544789
4.716576,1.544883
4.716632,1.544955
4.716712,1.545019
4.716888,1.545059
4.717028,1.545072
4.717092,1.545114
4.717228,1.545142
4.7174,1.545174
4.717448,1.545209
4.717596,1.545258
4.7178,1.545338
4.717968,1.545416
4.718012,1.545413
4.718112,1.54538
4.718104,1.545383
4.718344,1.545498
4.718416,1.545568
4.718532,1.545602
4.718572,1.545589
4.718752,1.545691
4.718908,1.545708
4.719092,1.545737
4.719212,1.545748
4.7193,1.545823
4.719544,1.545939
4.719776,1.546006
4.719964,1.546036
4.720028,1.546057
4.720072,1.54606
4.720176,1.546118
4.720224,1.54616
4.72028,1.546125
4.720228,1.546089
4.720248,1.54611
4.720364,1.546172
4.72052,1.546219
4.720616,1.546227
4.720664,1.546258
4.720812,1.546314
4.720948,1.54638
4.7212,1.54643
4.721284,1.546448
4.721276,1.546467
4.721344,1.546473
4.721548,1.546522
4.721624,1.54655
4.721664,1.546572
4.721848,1.546622
4.72184,1.546606
4.721984,1.546646
4.722072,1.546701
4.722292,1.546778
4.722396,1.546829
4.722436,1.546864
4.7225,1.546832
4.7227,1.546849
4.7229,1.546894
4.72296,1.546929
4.723004,1.546948
4.723012,1.546927
4.723016,1.546933
4.723216,1.547042
4.723392,1.547118
4.72366,1.547164
4.723792,1.547193
4.723868,1.547213
4.723836,1.547213
4.723888,1.547211
4.723924,1.547208
4.72396,1.547248
4.723992,1.547267
4.7242,1.547359
4.724324,1.547376
4.724444,1.54738
4.724584,1.547417
4.724748,1.547463
4.724848,1.547491
4.724892,1.547555
4.725084,1.547606
4.725328,1.547632
4.72534,1.547641
4.725356,1.547591
4.725556,1.547632
4.725552,1.547686
4.725704,1.547738
4.725644,1.547734
4.72566,1.547759
4.72578,1.54781
4.725844,1.54784
4.725968,1.547854
4.72604,1.547881
4.726084,1.547916
4.726128,1.547918
4.72616,1.547945
4.7262,1.547928
4.726432,1.548007
4.72674,1.548102
4.726896,1.548158
4.72696,1.548146
4.727148,1.548161
4.727312,1.5482
4.727348,1.548239
4.727476,1.548292
4.727632,1.548357
4.727772,1.548358
4.727796,1.548374
4.727936,1.548412
4.728216,1.548524
4.728384,1.548573
4.728496,1.548575
4.728644,1.548618
4.728668,1.548638
4.728756,1.548636
4.728796,1.548655
4.728832,1.548653
4.728968,1.548677
4.728864,1.548652
4.728896,1.548685
4.728948,1.548707
4.729132,1.548749
4.729192,1.548775
4.729064,1.548729
4.729172,1.548741
4.729256,1.548764
4.729444,1.548824
4.729636,1.548876
4.729832,1.548971
4.729936,1.549007
4.730024,1.548995
4.730076,1.549032
4.730268,1.549042
4.730516,1.549125
4.730536,1.54914
4.7305,1.549167
4.730636,1.549202
4.730632,1.549209
4.7307,1.549217
4.730692,1.549228
4.730708,1.549236
4.730872,1.549252
4.731036,1.549281
4.731172,1.54934
4.731352,1.549361
4.731312,1.549363
4.731368,1.549358
4.731476,1.549403
4.731612,1.549458
4.731828,1.549521
4.731912,1.54955
4.732004,1.549537
4.732108,1.549613
4.732268,1.549646
4.73234,1.54965
4.732416,1.5497
4.73238,1.549729
4.732456,1.549747
4.732564,1.549787
4.732696,1.549792
4.732732,1.549802
4.732728,1.549798
4.73282,1.549777
4.732928,1.549813
4.732988,1.549852
4.733104,1.549895
4.73324,1.549958
4.733284,1.549988
4.73338,1.550019
4.73338,1.550015
4.733196,1.549962
4.733284,1.549967
4.733344,1.549979
4.733304,1.549974
4.733348,1.549936
4.733508,1.550023
4.733596,1.550059
4.733632,1.550059
4.733656,1.550071
4.733704,1.5501
4.733776,1.550091
4.733852,1.550094
4.733952,1.550133
4.733924,1.550124
4.733888,1.550111
4.733948,1.550129
4.734232,1.55021
4.734348,1.550276
4.7343,1.550289
4.734392,1.550308
4.734504,1.550294
4.734624,1.550297
4.734704,1.55035
4.734696,1.550381
4.7348,1.550403
4.73496,1.550402
4.735056,1.55047
4.735208,1.550493
4.73532,1.550488
4.735412,1.550527
4.735464,1.550559
4.735568,1.550629
4.735732,1.550669
4.735836,1.550641
4.735864,1.550692
4.735908,1.550731
4.735868,1.550739
4.736032,1.550728
4.736032,1.550739
4.736044,1.55077
4.736132,1.550812
4.736328,1.550875
4.736448,1.550903
4.736492,1.550928
4.736524,1.550884
4.73662,1.550889
4.736712,1.550916
4.736856,1.55096
4.73698,1.550947
4.736912,1.550901
4.736832,1.550877
4.73704,1.550951
4.737296,1.551022
4.737396,1.551086
4.737412,1.551119
4.737508,1.551168
4.737588,1.551225
4.737704,1.551228
4.737784,1.551218
4.737868,1.551241
4.737952,1.551264
4.738052,1.551237
4.738044,1.55122
4.737912,1.551217
4.737872,1.551243
4.738052,1.551278
4.738096,1.551281
4.738168,1.55129
4.738332,1.551294
4.738368,1.551306
4.738404,1.55135
4.738432,1.55137
4.738512,1.551398
4.738548,1.551407
4.735504,1.550508
4.574828,1.50093
3.96005,1.309416
3.332546,1.111564
2.921102,0.9804275
2.6915,0.9065485
2.573364,0.8682305
2.515946,0.8494485
2.48937,0.8406765
2.474824,0.8359105
2.216686,0.7558225
1.574145,0.553964
1.012111,0.3755073
0.6504895,0.2596386
0.4450255,0.1932536
0.3358698,0.1577039
0.2802335,0.1394338
0.2526278,0.1302982
0.2392071,0.1258244
0.2328021,0.1236642
0.2297133,0.1226281
0.228278,0.1221414
0.2276118,0.1219178
0.227279,0.1217946
0.2271084,0.1217316
0.2270189,0.1217011
0.2269749,0.1216793
0.2269508,0.1216867
0.226933,0.1216725
0.2269198,0.121665
0.2269241,0.1216548
0.2269099,0.1216451
0.2268973,0.1216405
0.2268878,0.1216454
0.2268594,0.12164
0.2268578,0.121631
0.226827,0.1216219
0.226826,0.1216298
0.2268315,0.1216342
0.2268135,0.1216255
0.2268199,0.1216318
0.226823,0.1216235
0.2268023,0.1216151
0.2267851,0.1216276
0.2267835,0.1216187
0.2267985,0.1216134
0.2267954,0.1216146
0.2267903,0.1216186
0.2267968,0.1216158
0.2267729,0.1216111
0.2267614,0.1216032
0.2267539,0.1216082
0.2267484,0.1216029
0.2267416,0.1215981
0.2267403,0.1215998
0.2267583,0.1216043
0.2267491,0.1215879
0.2267381,0.1215888
0.2267266,0.1215898
0.2267405,0.121593
0.2267474,0.1215913
0.2267379,0.1215921
0.2267491,0.1215971
0.2267348,0.1215911
0.2266953,0.1215894
0.2266878,0.1216094
0.2266826,0.1215928
0.2266996,0.1215813
0.2267041,0.1215823
0.2266881,0.1215686
0.2266891,0.1215753
0.2266779,0.1215782
0.2266773,0.1215707
0.2266561,0.1215583
0.2266789,0.1215684
0.2266901,0.1215766
0.2266963,0.1215834
0.2266731,0.1215743
0.2266646,0.1215688
0.2266698,0.1215716
0.2266601,0.1215705
0.2266544,0.1215639
0.2266528,0.1215683
0.2266761,0.1215648
0.2266561,0.1215669
0.2266568,0.1215695
0.2266684,0.1215734
0.2266568,0.1215653
0.226634,0.121555
0.2266404,0.1215603
0.2266343,0.1215648
0.2266258,0.1215583
0.2266285,0.121554
0.2266329,0.1215564
0.2266279,0.1215486
0.226619,0.1215482
0.2266131,0.1215451
0.2266224,0.1215608
0.2265965,0.1215506
0.2266094,0.1215545
0.22662,0.1215554
0.2266313,0.1215467
0.2266094,0.1215474
0.2266186,0.1215494
0.226621,0.1215489
0.2266204,0.1215508
0.2266135,0.1215501
0.2266131,0.1215421
0.226603,0.1215424
0.2266006,0.1215351
0.2266108,0.1215414
0.2266118,0.1215441
0.2265948,0.1215513
0.2265811,0.1215477
0.2265965,0.1215482
0.2266064,0.1215469
0.226592,0.1215418
0.226589,0.1215399
0.2265788,0.1215376
0.2265945,0.121532
0.2265955,0.1215456
0.2265821,0.1215431
0.2265896,0.1215366
0.2265645,0.1215361
0.2265651,0.1215369
0.2265709,0.1215411
0.2265703,0.1215301
0.2265746,0.1215356
0.2265679,0.1215429
0.2265768,0.1215467
0.2265671,0.1215479
0.2265784,0.1215358
0.2265693,0.1215407
0.2265696,0.1215331
0.2265598,0.1215392
0.2265566,0.1215402
0.2265598,0.1215371
0.2265604,0.1215331
0.2265594,0.1215332
0.2265594,0.1215319
0.226558,0.1215448
0.2265488,0.1215281
0.2265641,0.1215237
0.2265549,0.1215288
0.226559,0.1215244
0.2265549,0.1215228
0.2265744,0.1215254
0.2265553,0.1215264
0.2265349,0.1215121
0.2265485,0.1215184
0.2265413,0.1215258
0.2265373,0.1215188
0.2265264,0.1215194
0.2265604,0.1215166
0.2265325,0.1215116
0.22654,0.1215188
0.2265424,0.1215099
0.2265543,0.12153
0.2265363,0.1215184
0.2265341,0.1215295
0.2265434,0.1215334
0.2265284,0.1215264
0.226529,0.1215256
0.2265533,0.1215208
0.2265308,0.1215301
0.2265274,0.1215331
0.2265365,0.1215298
0.2265454,0.1215279
0.2265314,0.1215256
0.2265304,0.1215331
0.2265063,0.1215247
0.2265416,0.1215234
0.2265189,0.1215278
0.2265321,0.1215269
0.2265345,0.1215245
0.2265164,0.1215145
0.2265093,0.1215191
0.2264994,0.1215183
0.2264978,0.121507
0.2264966,0.1215065
0.2265178,0.121522
0.2265288,0.1215166
0.2264956,0.1215133
0.2264936,0.1215065
0.2265073,0.1215012
0.2265116,0.1215007
0.2265045,0.121515
0.2265236,0.1215167
0.2265104,0.1215169
0.2265025,0.1215114
0.2265053,0.1215092
0.2264943,0.1214946
0.2265049,0.1215134
0.2264943,0.1215113
0.2265148,0.1215171
0.2265114,0.1215056
0.2264966,0.1215066
0.2264893,0.1215096
0.2265025,0.1215049
0.2265124,0.1215061
0.2264994,0.1215049
0.226498,0.1214934
0.2264991,0.1215024
0.2264814,0.1215061
0.2264695,0.1214963
0.2264759,0.1214993
0.2264804,0.1215053
0.2264579,0.1214985
0.2264725,0.1215012
0.2265093,0.121506
0.226495,0.1214932
0.2264954,0.1214958
0.2264824,0.1215021
0.2264701,0.1214969
0.2264725,0.1214983
0.2264923,0.1214981
0.2264974,0.1215002
0.2265104,0.1215089
0.2264743,0.1215153
0.2264701,0.1215039
0.2264715,0.1215049
0.2264633,0.1215023
0.2264705,0.1215065
0.2264796,0.1215106
0.2264759,0.1214961
0.2264711,0.1215028
0.2264749,0.1215009
0.2264824,0.1215099
0.2264889,0.1215031
0.2264796,0.1214964
0.2264804,0.1214941
0.2264893,0.1214874
0.2264559,0.1214813
0.2264571,0.1215028
0.2264678,0.1215033
0.2264814,0.1214924
0.2264484,0.1214969
0.2264753,0.121491
0.2264711,0.1215054
0.2264733,0.1214946
0.2264708,0.1214861
0.2264861,0.1214925
0.2264603,0.1214954
0.2264476,0.1214981
0.226464,0.1215033
0.2264596,0.1214971
0.2264569,0.1214971
0.2264674,0.1214814
0.2264571,0.1214851
0.226464,0.1214884
0.2264606,0.1214876
0.2264818,0.1214857
0.2264684,0.1214879
0.2264616,0.1214953
0.2264514,0.1214959
0.226436,0.121493
0.2264684,0.1215033
0.2264623,0.1215023
0.226467,0.1214974
0.226448,0.1214908
0.2264316,0.1214868
0.2264184,0.1214793
0.2264153,0.1214939
0.2264204,0.1214804
0.2264368,0.1214886
0.2264449,0.1214929
0.2264381,0.1214859
0.2264463,0.1214958
0.2264378,0.1214908
0.2264378,0.1214896
0.2264265,0.1214857
0.2264358,0.1214862
0.2264381,0.1214915
0.2264579,0.1214884
0.2264456,0.1214949
0.2264368,0.1214861
0.226447,0.1214811
0.2264198,0.1214729
0.2264211,0.1214837
0.2264385,0.1214862
0.2264524,0.1214856
0.2264249,0.1214881
0.2264228,0.1214723
0.2264456,0.1214801
0.2264306,0.1214832
0.2264494,0.121483
0.2264449,0.1214958
0.2264466,0.1214861
0.2264275,0.1214891
0.2264119,0.1214835
0.2264143,0.1214762
0.2264014,0.1214823
0.2264259,0.1214894
0.2264289,0.1214873
0.2264156,0.1214832
0.226416,0.1214784
0.2264153,0.1214854
0.2264143,0.1214777
0.226418,0.1214711
0.2264146,0.1214824
0.2264221,0.1214799
0.2264334,0.1214787
0.226434,0.1214716
0.2264283,0.121469
0.2264231,0.1214728
0.2264163,0.121475
0.2264139,0.1214868
0.2264255,0.1214851
0.2264279,0.1214859
0.2264218,0.1214833
0.2264378,0.1214814
0.2264348,0.1214745
0.2264113,0.1214706
0.2264038,0.1214765
0.2264091,0.1214779
0.2264228,0.1214709
0.2264123,0.1214699
0.2263921,0.1214638
0.2263846,0.1214702
0.2263789,0.1214746
0.2263955,0.1214736
0.2264064,0.1214718
0.2264044,0.1214664
0.2263939,0.1214641
0.2263809,0.12146
0.2264054,0.1214721
0.2263803,0.1214709
0.2263996,0.1214755
0.2263969,0.1214654
0.2263891,0.1214612
0.2263878,0.121468
0.2263898,0.1214687
0.2263856,0.1214641
0.2263888,0.121468
0.2263918,0.1214646
0.2263908,0.1214803
0.2263771,0.1214843
0.2263803,0.1214689
0.2263649,0.1214731
0.2263941,0.1214787
0.2263765,0.1214745
0.2263799,0.1214661
0.2263918,0.121467
0.2263813,0.1214595
0.2263819,0.1214656
0.2263536,0.1214554
0.2263523,0.1214591
0.2263568,0.1214683
0.2263536,0.1214644
0.2263816,0.1214539
0.2263935,0.12146
0.2263718,0.1214569
0.2263556,0.1214546
0.2263809,0.121454
0.2263765,0.1214595
0.2263554,0.1214607
0.2263768,0.121468
0.2263666,0.1214566
0.2263718,0.1214534
0.2263594,0.1214493
0.2263718,0.121454
0.2263643,0.1214729
0.2263631,0.1214579
0.2263718,0.1214633
0.2263686,0.1214581
0.2263526,0.1214488
0.2263645,0.1214596
0.2263406,0.1214578
0.2263598,0.1214595
0.2263568,0.1214558
0.2263363,0.121459
0.226358,0.1214608
0.2263428,0.1214579
0.2263353,0.1214539
0.2263431,0.121454
0.2263321,0.1214554
0.2263349,0.1214406
0.2263359,0.1214539
0.2263349,0.1214521
0.2263471,0.121445
0.226339,0.1214532
0.2263418,0.1214578
0.2263574,0.1214639
0.2263598,0.1214595
0.2263451,0.1214496
0.2263629,0.1214474
0.226356,0.1214523
0.2263424,0.1214624
0.2263366,0.1214641
0.2263179,0.1214603
0.2263406,0.1214516
0.2263431,0.121446
0.22634,0.1214602
0.226338,0.1214689
0.2263244,0.1214563
0.2263309,0.1214535
0.2263346,0.1214469
0.2263363,0.1214506
0.226342,0.1214539
0.226342,0.1214508
0.2263339,0.1214506
0.226321,0.1214447
0.2263104,0.1214455
0.2262883,0.1214283
0.2262774,0.1214176
0.2262831,0.1214145
0.2262515,0.1214055
0.2261898,0.1213864
0.2261285,0.1213628
0.226104,0.1213321
0.2260158,0.1213078
0.2259459,0.1212672
0.2258209,0.1212163
0.2256503,0.1211534
0.225465,0.1210594
0.2252259,0.1209394
0.2249153,0.1208023
0.2245995,0.1206441
0.2242113,0.1204814
0.2237689,0.1202861
0.2232808,0.1200704
0.2227286,0.1198324
0.2221214,0.1195341
0.2214889,0.1192381
0.2208189,0.1189476
0.2201186,0.1186233
0.2194263,0.1183004
0.2187249,0.1179767
0.2180485,0.1176564
0.2173793,0.1173519
0.2167583,0.1170828
0.2162311,0.1168538
0.2157896,0.1166468
0.2154075,0.1164809
0.215134,0.1163672
0.2149381,0.116281
0.2148759,0.1162577
0.2148524,0.1162704
0.214978,0.1163282
0.2151841,0.1164334
0.2154531,0.1165605
0.2158398,0.1167417
0.2162413,0.1169437
0.2166974,0.117154
0.2172158,0.1173876
0.217744,0.1176358
0.218273,0.1178923
0.2188408,0.1181659
0.2194071,0.1184263
0.2199636,0.1186678
0.2205104,0.1189133
0.2210096,0.1191472
0.2214936,0.1193665
0.22195,0.1195639
0.2223731,0.1197642
0.2227835,0.1199508
0.2231459,0.1201133
0.2234749,0.1202553
0.223774,0.1203909
0.2240495,0.1205159
0.2243076,0.1206063
0.2245304,0.1207059
0.2247484,0.1207887
0.2248949,0.1208609
0.2250519,0.1209356
0.2251885,0.1209889
0.2252985,0.1210353
0.2254231,0.1210799
0.225525,0.1211235
0.2256153,0.1211652
0.2256775,0.1211738
0.2257256,0.1211929
0.2257736,0.1212188
0.2258309,0.1212384
0.2258649,0.1212533
0.2259038,0.1212706
0.2259344,0.1212817
0.2259449,0.1212894
0.2259691,0.1213037
0.2259721,0.1212957
0.2259814,0.1213073
0.2260096,0.1213181
0.2260203,0.1213183
0.2260325,0.1213221
0.2260124,0.1213268
0.2260256,0.1213277
0.2260458,0.1213251
0.2260553,0.1213323
0.2260406,0.1213256
0.2260549,0.1213369
0.2260679,0.1213435
0.2260631,0.1213476
0.2260675,0.1213501
0.2260706,0.1213404
0.2260873,0.1213456
0.2260941,0.1213437
0.2260985,0.1213571
0.2260989,0.1213551
0.2261078,0.1213607
0.2261143,0.1213585
0.2260785,0.1213544
0.2260928,0.1213534
0.2260801,0.1213585
0.2260961,0.1213544
0.2261094,0.1213694
0.226106,0.1213736
0.2261139,0.1213646
0.2260948,0.1213706
0.2260951,0.1213568
0.2261013,0.1213618
0.2260971,0.1213661
0.2261119,0.1213719
0.2261149,0.1213631
0.2261101,0.1213583
0.2261214,0.1213639
0.2261169,0.1213665
0.2261009,0.1213655
0.2260934,0.1213481
0.2261135,0.1213658
0.2260924,0.1213585
0.2260995,0.1213694
0.2260969,0.1213755
0.2261108,0.1213658
0.2261108,0.1213649
0.2261384,0.1213661
0.2261305,0.1213719
0.2261234,0.1213716
0.2261214,0.1213668
0.2261016,0.1213665
0.2261108,0.1213766
0.2261275,0.121366
0.2261155,0.1213708
0.226118,0.1213846
0.2261131,0.1213861
0.2261078,0.1213698
0.2261143,0.1213849
0.22612,0.1213804
0.2261275,0.1213859
0.2261108,0.1213773
0.2261214,0.121374
0.2261166,0.1213728
0.2261224,0.1213815
0.2261091,0.1213731
0.2261068,0.1213672
0.2261019,0.1213672
0.2261131,0.1213731
0.2261204,0.1213726
0.2261275,0.1213771
0.2261378,0.1213864
0.2261193,0.1213798
0.2261166,0.1213767
0.2261258,0.1213769
0.2261326,0.1213759
0.226139,0.1213827
0.2261323,0.1213813
0.2261388,0.1213759
0.2261268,0.1213731
0.226135,0.1213762
0.2261271,0.1213754
0.2261319,0.1213779
0.2261418,0.1213858
0.2261398,0.1213864
0.2261353,0.1213846
0.2261238,0.1213747
0.2261353,0.1213767
0.2261268,0.1213745
0.2261394,0.1213893
0.2261435,0.1213869
0.2261431,0.1213783
0.2261285,0.1213639
0.2260999,0.1213711
0.226118,0.1213721
0.2261183,0.1213644
0.2261204,0.1213728
0.2261019,0.1213735
0.2261068,0.121375
0.226105,0.1213718
0.2261094,0.1213786
0.2261486,0.121373
0.2261428,0.1213808
0.2261394,0.121381
0.226121,0.1213856
0.2261431,0.1213803
0.226138,0.1213754
0.2261425,0.1213761
0.2261378,0.1213784
0.2261271,0.1213801
0.2261366,0.1213789
0.2261275,0.1213769
0.2261346,0.1213781
0.2261176,0.1213823
0.2261261,0.1213799
0.2261323,0.1213815
0.2261469,0.1213914
0.2261384,0.1213888
0.2261585,0.1213885
0.2261404,0.1213798
0.2261166,0.1213841
0.22612,0.1213793
0.2261206,0.1213748
0.2261204,0.1213878
0.2261303,0.1213922
0.2261268,0.121389
0.2261176,0.1213818
0.2261068,0.1213696
0.2261094,0.1213653
0.2261159,0.1213634
0.2261159,0.1213788
0.2261046,0.12139
0.2261265,0.1213905
0.2261163,0.1213793
0.2261323,0.1213856
0.226135,0.1213919
0.2261143,0.1213954
0.2261204,0.1213963
0.2261401,0.1213959
0.2261319,0.121389
0.226121,0.1213871
0.226137,0.121389
0.2261316,0.1213886
0.2261088,0.1213711
0.2261176,0.1213856
0.226107,0.1213883
0.2261346,0.1213874
0.2261248,0.1213832
0.2260938,0.1213776
0.2261228,0.1213834
0.2261084,0.1213761
0.2261084,0.1213837
0.2261094,0.1213743
0.226106,0.1213851
0.2261254,0.1213895
0.2260985,0.1213778
0.2261289,0.1213781
0.2261139,0.1213854
0.2261111,0.1213665
0.2261378,0.1213801
0.2261378,0.1213842
0.2261408,0.1213832
0.2261459,0.121382
0.2261206,0.1213849
0.2261105,0.1213699
0.2261111,0.1213764
0.2261068,0.1213853
0.2261214,0.1213825
0.2261401,0.1213789
0.2261251,0.1213771
0.226123,0.1213822
0.2261139,0.1213694
0.2261374,0.1213708
0.226135,0.1213835
0.2261261,0.1213944
0.2261289,0.1213943
0.2261238,0.1213748
0.2261033,0.1213716
0.2261044,0.1213711
0.2260914,0.1213682
0.2261036,0.121373
0.2261108,0.1213801
0.2261046,0.1213796
0.2261119,0.1213738
0.2261244,0.121389
0.2261173,0.1213767
0.2261319,0.1213876
0.226123,0.1214011
0.2261329,0.1213924
0.2261394,0.1213869
0.2261401,0.1213902
0.2261343,0.1213897
0.2261183,0.1213902
0.2261289,0.1213822
0.226135,0.1213895
0.2261323,0.1213879
0.226134,0.1213823
0.2261305,0.1213736
0.2261254,0.1213757
0.2261166,0.1213858
0.2261299,0.1213982
0.2261364,0.1213985
0.2261353,0.1213927
0.2261193,0.1213856
0.2261326,0.1213924
0.2261204,0.1213858
0.2261033,0.1213766
0.2261196,0.1213731
0.2261121,0.1213861
0.2260896,0.1213834
0.2261026,0.1213822
0.2261155,0.1213774
0.2261196,0.1213834
0.226119,0.1213761
0.2261356,0.1213803
0.2261384,0.1213914
0.2261428,0.1213904
0.2261496,0.1213783
0.226154,0.1213806
0.2261206,0.1213778
0.2261214,0.1213759
0.2261268,0.1213798
0.2261295,0.1213961
0.2261271,0.1213839
0.2261244,0.1213778
0.2261228,0.1213948
0.2261241,0.1213951
0.2261121,0.1213898
0.226122,0.1213919
0.2261149,0.1213817
0.226121,0.1213907
0.2261309,0.1213799
0.2261108,0.1213854
0.2261094,0.1213689
0.2260993,0.1213667
0.2260914,0.1213723
0.2261016,0.1213829
0.2261139,0.1213806
0.2260955,0.1213754
0.2260849,0.1213742
0.2260931,0.12139
0.2261044,0.1213948
0.2261139,0.1213841
0.2261291,0.1213876
0.2261346,0.121398
0.2261279,0.1213939
0.2261241,0.121383
0.2261074,0.1213869
0.2260938,0.1213799
0.2261234,0.1213839
0.2261261,0.121382
0.226105,0.1213794
0.2261098,0.1213848
0.2261026,0.1213834
0.226088,0.1213874
0.2261003,0.1213738
0.2261149,0.1213806
0.226119,0.1213839
0.2261163,0.1213721
0.2261159,0.1213762
0.2261155,0.1213747
0.2261074,0.1213834
0.2260886,0.1213718
0.2260805,0.1213762
0.226105,0.1213798
0.226119,0.1213784
0.2261068,0.1213799
0.2260981,0.1213808
0.2261013,0.1213966
0.2260849,0.1213801
0.226087,0.1213723
0.2260961,0.1213856
0.2261006,0.1213791
0.2261084,0.1213858
0.226118,0.1213829
0.2261145,0.1213861
0.2260928,0.1213788
0.226107,0.1213723
0.2261056,0.1213723
0.2261139,0.1213736
0.2260941,0.1213748
0.2261081,0.1213837
0.2260908,0.1213747
0.2261101,0.1213778
0.226118,0.1213835
0.2261088,0.1213665
0.2261081,0.1213793
0.2261036,0.1213735
0.2261054,0.1213748
0.2260948,0.1213799
0.2260726,0.1213679
0.2260748,0.121367
0.2260866,0.121359
0.2261054,0.1213731
0.2260961,0.1213703
0.2260958,0.1213823
0.2260819,0.1213684
0.2260979,0.1213735
0.2260815,0.1213693
0.2260995,0.1213691
0.2261088,0.1213621
0.2261009,0.1213773
0.22612,0.1213721
0.2260853,0.1213667
0.2260736,0.1213694
0.2260993,0.1213801
0.2260989,0.1213788
0.2261009,0.1213841
0.2260958,0.1213879
0.2261056,0.1213863
0.2260614,0.1213784
0.2260673,0.1213745
0.2260648,0.1213687
0.2260811,0.1213752
0.226103,0.1213846
0.2260961,0.1213752
0.2260995,0.1213817
0.2260819,0.1213757
0.2260706,0.1213686
0.2260638,0.1213726
0.2260734,0.121366
0.2260703,0.1213677
0.226091,0.1213776
0.2260808,0.1213649
0.2260685,0.1213791
0.2260835,0.121374
0.2260839,0.1213786
0.2260669,0.1213793
0.2260815,0.121381
0.2260758,0.121382
0.2261121,0.1213658
0.226088,0.1213694
0.2260815,0.121368
0.2260798,0.1213674
0.2260744,0.1213638
0.2260886,0.1213773
0.226071,0.1213778
0.2260774,0.1213799
0.226087,0.1213752
0.2260764,0.1213839
0.2260604,0.1213827
0.2260819,0.1213766
0.2260764,0.1213682
0.2260853,0.1213665
0.2260886,0.1213778
0.2260621,0.1213578
0.2260556,0.1213581
0.2260594,0.1213556
0.2260614,0.1213533
0.2260655,0.1213533
0.2260669,0.121358
0.2260941,0.1213716
0.2260788,0.1213611
0.2260886,0.1213649
0.2260819,0.1213554
0.226107,0.1213583
0.2260971,0.1213788
0.2260699,0.1213801
0.226076,0.1213735
0.2260454,0.1213656
0.2260655,0.1213736
0.2260726,0.1213786
0.2260689,0.1213801
0.226076,0.1213815
0.2260873,0.1213752
0.2260795,0.1213724
0.2260849,0.1213747
0.226088,0.1213699
0.2260713,0.1213808
0.2260863,0.1213798
0.2260856,0.1213844
0.2260815,0.1213759
0.2260839,0.1213638
0.2260771,0.1213649
0.226074,0.1213649
0.2260703,0.1213553
0.226059,0.1213556
0.2260675,0.1213614
0.2260661,0.1213588
0.2260519,0.1213682
0.2260515,0.1213728
0.2260566,0.1213711
0.2260641,0.1213704
0.2260744,0.121368
0.2260795,0.1213708
0.2260853,0.1213665
0.2260645,0.1213726
0.2260618,0.1213634
0.2260679,0.1213623
0.2260611,0.1213646
0.2260549,0.1213668
0.2260574,0.1213631
0.2260549,0.1213602
0.2260811,0.1213736
0.2260608,0.1213648
0.2260594,0.1213644
0.2260726,0.121368
0.2260618,0.1213762
0.2260764,0.121375
0.2260645,0.1213728
0.2260618,0.1213569
0.2260611,0.1213568
0.2260471,0.1213612
0.2260301,0.1213588
0.2260396,0.1213524
0.2260584,0.1213609
0.2260621,0.1213602
0.2260764,0.1213583
0.2260669,0.1213566
0.2260648,0.1213646
0.226045,0.1213754
0.2260699,0.1213789
0.2260693,0.1213738
0.2260628,0.1213721
0.2260628,0.1213643
0.226075,0.1213607
0.2260638,0.1213595
0.2260598,0.1213694
0.2260716,0.1213631
0.2260778,0.1213599
0.2260594,0.1213551
0.2260618,0.1213561
0.2260539,0.1213716
0.2260438,0.1213755
0.226041,0.1213687
0.2260624,0.121366
0.2260661,0.1213593
0.22606,0.1213616
0.22606,0.1213548
0.2260553,0.1213479
0.226041,0.1213432
0.2260413,0.1213404
0.2260406,0.1213459
0.2260638,0.1213548
0.226058,0.1213519
0.2260576,0.1213533
0.226028,0.1213592
0.2260308,0.121359
0.2260288,0.1213604
0.2260403,0.1213677
0.2260325,0.121367
0.2260485,0.1213687
0.226043,0.1213655
0.2260318,0.1213709
0.2260266,0.1213648
0.2260256,0.1213631
0.2260369,0.1213543
0.2260314,0.1213585
0.226044,0.1213618
0.2260673,0.1213588
0.2260403,0.1213576
0.2260369,0.1213641
0.2260331,0.1213643
0.2260386,0.1213675
0.2260406,0.1213709
0.2260256,0.1213646
0.2260509,0.1213706
0.2260485,0.1213675
0.2260325,0.1213563
0.2260181,0.1213444
0.2260175,0.1213529
0.2260274,0.1213464
0.226027,0.1213541
0.2260288,0.1213583
0.2260199,0.1213684
0.2260148,0.1213611
0.2260219,0.1213488
0.2260566,0.1213674
0.2260406,0.1213599
0.2260369,0.1213684
0.2260448,0.121367
0.2260485,0.1213629
0.2260416,0.1213641
0.2260063,0.1213573
0.2260478,0.121368
0.226041,0.1213778
0.2260481,0.1213691
0.2260509,0.1213641
0.2260464,0.1213689
0.2260461,0.1213709
0.2260338,0.1213764
0.22604,0.1213728
0.226029,0.1213721
0.2260495,0.1213653
0.2260386,0.1213694
0.2260256,0.1213536
0.2260053,0.121351
0.2260066,0.1213474
0.2260134,0.1213446
0.2260325,0.1213585
0.2260363,0.1213561
0.2260246,0.1213556
0.2260338,0.1213568
0.226029,0.1213569
0.2260278,0.1213587
0.2260341,0.1213533
0.2260434,0.1213508
0.2260311,0.1213674
0.2260223,0.1213612
0.2260338,0.1213612
0.2260413,0.1213644
0.226029,0.1213554
0.2260341,0.121368
0.226043,0.1213713
0.2260369,0.121367
0.2260471,0.121366
0.2260363,0.1213522
0.2260444,0.121366
0.2260413,0.1213636
0.2260464,0.12136
0.2260226,0.1213463
0.2260266,0.1213524
0.2260351,0.1213631
0.2260041,0.1213495
0.2259956,0.1213479
0.2260209,0.1213493
0.2260086,0.1213534
0.226011,0.1213592
0.2260195,0.1213566
0.2259906,0.1213602
0.2259966,0.1213674
0.226027,0.1213611
0.2260029,0.1213442
0.226027,0.1213538
0.2260219,0.1213414
0.2260256,0.1213538
0.2260158,0.121359
0.2260246,0.1213655
0.226027,0.1213623
0.226009,0.1213514
0.2260229,0.1213483
0.2260375,0.1213566
0.226043,0.121359
0.2260393,0.1213628
0.2260165,0.1213546
0.2260393,0.1213593
0.2260345,0.1213576
0.2260256,0.1213616
0.2260209,0.1213587
0.2260375,0.1213533
0.2260114,0.1213599
0.2260191,0.12135
0.2259991,0.1213468
0.2260189,0.121358
0.2260274,0.1213568
0.226026,0.1213401
0.2260219,0.1213489
0.2260406,0.1213585
0.2260189,0.1213498
0.2260093,0.1213543
0.22601,0.1213416
0.2260304,0.1213503
0.2260274,0.1213517
0.2260448,0.121352
0.2260294,0.1213538
0.2260236,0.1213587
0.2260215,0.1213558
0.2260059,0.1213446
0.2260288,0.1213618
0.2260264,0.121342
0.2260233,0.1213473
0.2260223,0.1213544
0.226025,0.1213461
0.226025,0.1213489
0.2259974,0.1213489
0.2260144,0.1213496
0.2260168,0.1213667
0.2260236,0.1213665
0.2260154,0.1213604
0.2260128,0.1213486
0.226009,0.1213524
0.2259998,0.1213478
0.2260011,0.1213463
0.2260021,0.1213524
0.2259998,0.1213587
0.2259936,0.1213554
0.2260161,0.1213564
0.2260151,0.1213556
0.225997,0.1213474
0.2260035,0.1213558
0.2260171,0.1213587
0.2260284,0.1213607
0.2260209,0.1213564
0.2260338,0.1213469
0.2260349,0.1213543
0.2260301,0.1213488
0.2260301,0.1213471
0.2260116,0.12136
0.2260191,0.1213578
0.2260233,0.1213501
0.2260351,0.1213595
0.2260229,0.1213551
0.2260138,0.1213514
0.2260318,0.1213525
0.2260233,0.1213554
0.2260304,0.1213519
0.2260079,0.1213576
0.226024,0.1213554
0.2260093,0.1213481
0.2259978,0.1213435
0.2260266,0.1213597
0.2260008,0.1213548
0.2260025,0.1213568
0.225995,0.1213578
0.2260205,0.1213563
0.2260083,0.1213463
0.2259936,0.1213473
0.2260134,0.1213563
0.2260104,0.1213439
0.2260301,0.1213524
0.2260236,0.1213505
0.2260349,0.1213574
0.2260041,0.121351
0.2259966,0.121358
0.2260029,0.1213599
0.2260059,0.1213559
0.2260233,0.1213527
0.2260066,0.1213558
0.2260116,0.1213541
0.2260321,0.1213495
0.2260203,0.1213576
0.2260181,0.1213541
0.2260029,0.1213571
0.2260124,0.1213488
0.2260389,0.1213543
0.2260171,0.1213616
0.2260154,0.1213569
0.2259903,0.12136
0.2260039,0.1213536
0.2260114,0.1213481
0.2260175,0.1213549
0.2259991,0.1213568
0.2260158,0.1213506
0.2260069,0.1213496
0.2260066,0.1213444
0.2260253,0.1213583
0.2260256,0.1213556
0.2260298,0.1213595
0.2260488,0.1213656
0.2260393,0.1213636
0.2260096,0.1213588
0.226013,0.1213631
0.2260171,0.1213556
0.226029,0.1213619
0.2260181,0.1213544
0.2260124,0.1213496
0.2260233,0.1213684
0.2260066,0.1213619
0.2260158,0.1213578
0.2259988,0.1213674
0.2260114,0.1213731
0.2260539,0.1213759
0.2260219,0.1213643
0.2260304,0.1213788
0.2260104,0.1213599
0.2259984,0.1213452
0.2259919,0.1213451
0.2260049,0.1213595
0.2260253,0.1213643
0.2260138,0.121359
0.22601,0.1213508
0.2260128,0.1213623
0.2260021,0.1213539
0.2260086,0.1213597
0.226027,0.1213566
0.2260519,0.1213573
0.2260215,0.1213581
0.226026,0.1213721
0.226027,0.1213534
0.2260205,0.121344
0.2260171,0.1213484
0.226009,0.1213616
0.2260106,0.1213508
0.2260274,0.1213531
0.2260349,0.1213548
0.2260213,0.121358
0.2260298,0.12135
0.2260191,0.1213641
0.2260288,0.1213614
0.2260328,0.1213714
0.2260226,0.1213682
0.2260246,0.1213606
0.2260093,0.1213514
0.2259984,0.1213468
0.225997,0.1213428
0.2260106,0.1213493
0.226014,0.1213611
0.2260096,0.1213543
0.2260114,0.1213556
0.226011,0.1213559
0.2260195,0.1213629
0.2260029,0.1213571
0.2260049,0.1213519
0.2260015,0.1213512
0.22601,0.1213454
0.2260165,0.1213471
0.2260053,0.1213398
0.2260213,0.1213469
0.2260158,0.1213459
0.2260041,0.1213574
0.2260069,0.1213588
0.2260168,0.1213454
0.226012,0.121358
0.2260128,0.1213531
0.2260096,0.1213614
0.2260209,0.1213559
0.2260069,0.121367
0.2260181,0.1213623
0.2259943,0.1213551
0.2260124,0.1213554
0.2259974,0.1213386
0.2259946,0.1213556
0.2259926,0.121358
0.2260134,0.1213506
0.2260165,0.1213543
0.2260025,0.1213578
0.2260018,0.12136
0.225995,0.1213609
0.2260116,0.1213556
0.2260114,0.1213544
0.2260154,0.1213614
0.2260086,0.1213604
0.2260219,0.1213534
0.2260318,0.1213661
0.2260073,0.1213644
0.2260178,0.1213593
0.2260114,0.1213614
0.2260134,0.1213585
0.2260185,0.1213646
0.2260205,0.121358
0.2260363,0.1213656
0.2260246,0.1213623
0.2260104,0.1213574
0.2260018,0.1213623
0.2260321,0.1213568
0.2260053,0.1213583
0.226025,0.1213486
0.2260154,0.1213618
0.2259895,0.1213515
0.2260045,0.1213604
0.2259889,0.1213501
0.226011,0.121351
0.2260076,0.1213519
0.2259956,0.1213515
0.2260096,0.1213587
0.2259946,0.1213618
0.2260004,0.1213541
0.2259991,0.1213476
0.2260001,0.1213469
0.2259946,0.1213505
0.2260031,0.1213558
0.2260069,0.1213469
0.2259861,0.1213471
0.2259974,0.1213484
0.2259865,0.1213403
0.2260008,0.1213515
0.2260059,0.1213463
0.226013,0.1213527
0.2260025,0.1213604
0.225998,0.1213646
0.22601,0.1213651
0.2260079,0.1213563
0.2260079,0.1213573
0.225996,0.1213503
0.225996,0.1213597
0.2260041,0.1213479
0.2259991,0.1213483
0.2259861,0.1213474
0.2259776,0.1213401
0.225981,0.1213489
0.2259988,0.1213413
0.2259865,0.1213399
0.2260015,0.1213421
0.2260011,0.1213458
0.2259936,0.1213505
0.2259966,0.1213423
0.2260199,0.1213618
0.2260008,0.1213691
0.2260031,0.1213609
0.2260191,0.1213578
0.2260031,0.1213498
0.2260049,0.1213484
0.2260053,0.1213479
0.2260171,0.1213489
0.2260148,0.1213495
0.2260168,0.1213484
0.2260226,0.1213527
0.2260229,0.1213495
0.2260154,0.1213538
0.2260045,0.1213536
0.2260205,0.1213583
0.226014,0.1213505
0.2259936,0.1213334
0.225996,0.1213489
0.225979,0.1213527
0.2259906,0.1213442
0.2259715,0.1213496
0.2259956,0.1213505
0.2260021,0.1213534
0.2259776,0.121359
0.2259885,0.1213609
0.2259984,0.1213604
0.2259919,0.12136
0.2259756,0.1213498
0.2259903,0.1213538
0.2260018,0.1213612
0.2259964,0.1213648
0.2260274,0.12136
0.2259964,0.1213399
0.225993,0.121336
0.2259946,0.1213376
0.2259895,0.1213379
0.2260025,0.1213522
0.2260045,0.1213452
0.2260083,0.1213464
0.2260106,0.1213508
0.226009,0.1213519
0.2259865,0.1213411
0.2259848,0.1213471
0.2259998,0.12136
0.2259871,0.1213561
0.2260079,0.1213536
0.2259814,0.1213531
0.2259715,0.1213383
0.2259528,0.1213314
0.2259763,0.1213461
0.2259739,0.1213534
0.2259756,0.1213428
0.2259875,0.1213456
0.2259855,0.1213456
0.2259814,0.1213468
0.2259719,0.1213469
0.2259875,0.1213493
0.2259889,0.1213514
0.2260086,0.1213439
0.2260008,0.1213433
0.2260045,0.1213364
0.2260018,0.1213452
0.2259906,0.1213427
0.2259909,0.1213489
0.2259753,0.1213607
0.2259984,0.1213501
0.2260001,0.1213564
0.2259984,0.1213491
0.2260114,0.1213427
0.2259956,0.1213401
0.2259899,0.1213428
0.2259923,0.1213486
0.2259881,0.1213524
0.2259794,0.1213479
0.2259681,0.1213478
0.2259719,0.1213369
0.2259599,0.1213393
0.2259721,0.1213454
0.2259688,0.1213459
0.2259794,0.1213536
0.2259769,0.1213514
0.2259664,0.1213345
0.2259786,0.1213277
0.2259688,0.1213341
0.2259913,0.1213476
0.225981,0.1213461
0.2259776,0.1213464
0.2259954,0.1213473
0.2259998,0.1213446
0.2259881,0.1213466
0.2259753,0.1213459
0.2259978,0.1213478
0.2259646,0.1213471
0.2259698,0.1213522
0.2259844,0.1213439
0.2259841,0.1213493
0.2259956,0.1213478
0.2259889,0.1213433
0.2259806,0.1213503
0.2259838,0.1213486
0.2259674,0.1213396
0.2259913,0.1213357
0.2259633,0.1213423
0.2259654,0.1213364
0.2259668,0.1213266
0.2259654,0.1213308
0.2259715,0.1213389
0.2259725,0.1213338
0.2259654,0.1213444
0.2259504,0.1213568
0.2259609,0.1213512
0.2259378,0.1213481
0.2259589,0.1213488
0.2259766,0.1213473
0.2259753,0.1213483
0.2259733,0.1213348
0.225965,0.1213383
0.2259504,0.1213408
0.225948,0.1213389
0.2259691,0.1213403
0.2259575,0.1213501
0.2259773,0.1213435
0.2259711,0.1213408
0.2259725,0.1213524
0.2259534,0.1213449
0.2259708,0.1213437
0.2259565,0.1213414
0.225966,0.1213362
0.2259745,0.1213352
0.2259504,0.1213341
0.2259698,0.1213444
0.2259463,0.1213386
0.2259313,0.1213204
0.2259435,0.1213285
0.2259514,0.1213381
0.225964,0.1213352
0.2259514,0.1213427
0.2259715,0.1213323
0.2259595,0.1213314
0.2259571,0.121334
0.2259668,0.1213268
0.2259599,0.1213372
0.2259814,0.1213389
0.2259575,0.1213393
0.2259658,0.1213588
0.2259708,0.1213514
0.225951,0.1213468
0.2259595,0.1213421
0.2259579,0.1213549
0.2259893,0.1213551
0.2259769,0.1213478
0.2259871,0.1213452
0.2259806,0.1213421
0.225979,0.1213449
0.2259818,0.12135
0.2259855,0.1213551
0.2259824,0.1213703
0.2260128,0.1213607
0.2260106,0.1213553
0.2260049,0.1213539
0.2260011,0.1213549
0.2260205,0.1213616
0.2260468,0.1213721
0.226071,0.1213813
0.226103,0.1213806
0.2261319,0.1213951
0.2261506,0.1213994
0.2261755,0.1214183
0.2262488,0.1214391
0.2262654,0.1214424
0.2263199,0.121459
0.2263983,0.1214729
0.2264818,0.1215114
0.2265693,0.1215434
0.226651,0.1215674
0.2267416,0.1216032
0.2268554,0.1216381
0.2269923,0.121686
0.2271591,0.121733
0.2273151,0.1217904
0.2274926,0.1218534
0.2277021,0.1219114
0.2279583,0.1219854
0.2282164,0.1220808
0.2285246,0.1221952
0.228855,0.1222881
0.2292508,0.1224104
0.2296564,0.1225524
0.2300989,0.1227015
0.2306493,0.1228793
0.2312225,0.1230646
0.2318853,0.1232778
0.2326234,0.1235203
0.2334439,0.1237834
0.2343614,0.1240916
0.2353566,0.1244205
0.2364691,0.1247735
0.2377095,0.1251694
0.2390679,0.1256068
0.2405508,0.1260966
0.2421976,0.1266389
0.2440168,0.1272186
0.2460194,0.1278702
0.2482486,0.1285984
0.250688,0.1293881
0.2533671,0.1302515
0.256315,0.1312069
0.2595146,0.132251
0.263037,0.1333799
0.2669055,0.1346069
0.271079,0.1359773
0.275694,0.1374561
0.2806913,0.1390738
0.2861345,0.1408276
0.2920638,0.1427374
0.2984988,0.1448085
0.3054685,0.1470628
0.313077,0.1495161
0.321297,0.1521614
0.330201,0.1550164
0.3398005,0.1581123
0.3502138,0.1614489
0.361406,0.1650423
0.3734845,0.1689219
0.3865308,0.1730919
0.4005203,0.1775729
0.4155228,0.1823893
0.4316355,0.1875546
0.4489218,0.1931043
0.467404,0.1990141
0.4871935,0.2053605
0.5083515,0.2121301
0.530981,0.2193498
0.555032,0.2270369
0.580706,0.2352301
0.607985,0.243939
0.636974,0.2532166
0.6677655,0.263048
0.7004405,0.273468
0.735058,0.2844985
0.771656,0.2961633
0.8103795,0.3085095
0.8512305,0.321526
0.894301,0.3352375
0.9397035,0.3496945
0.987509,0.3649015
1.037765,0.380892
1.090544,0.3976823
1.145894,0.4152898
1.203885,0.4337255
1.264548,0.4530223
1.327947,0.4731715
1.394214,0.4942088
1.46335,0.5161695
1.535402,0.539029
1.610392,0.56284
1.688392,0.5875835
1.769303,0.6132315
1.853152,0.639829
1.939966,0.6673305
2.02979,0.6958185
2.122596,0.725207
2.218426,0.755537
2.317248,0.7868035
2.419018,0.81903
2.52354,0.852134
2.630928,0.8860895
2.740834,0.9208765
2.853306,0.956424
2.968272,0.9928105
3.085836,1.029955
3.205706,1.067818
3.32769,1.106344
3.451646,1.145488
3.577532,1.185271
3.705358,1.225573
3.8345,1.266351
3.965082,1.307575
4.096958,1.349167
4.229848,1.391031
4.363444,1.43316
4.497672,1.47555
4.632256,1.517945
4.76698,1.560388
4.901576,1.60278
5.035828,1.64506
5.16934,1.687149
5.301996,1.728909
5.433504,1.770292
5.563616,1.811266
5.692136,1.851726
5.81868,1.891559
5.942916,1.930678
6.064892,1.969033
6.184504,2.00671
6.301232,2.043397
6.414556,2.078959
6.524156,2.113448
6.630324,2.146844
6.732688,2.17906
6.830816,2.20988
6.924532,2.239382
7.013508,2.267268
7.097852,2.293772
7.177072,2.318674
7.251156,2.341988
7.319892,2.36356
7.382968,2.383386
7.441004,2.4016
7.493284,2.418042
7.539904,2.432682
7.580724,2.445544
7.615536,2.456528
7.644388,2.465604
7.667324,2.4728
7.68418,2.478086
7.694976,2.481478
7.699648,2.482958
7.698168,2.482522
7.69054,2.480184
7.676644,2.4758
7.656432,2.46945
7.630576,2.4614
7.599136,2.451568
7.562192,2.439986
7.519796,2.426738
7.472436,2.41183
7.419856,2.395282
7.36222,2.3772
7.299612,2.357602
7.231776,2.336452
7.159208,2.313696
7.08232,2.289546
7.001364,2.264172
6.916388,2.237546
6.827568,2.209652
6.735088,2.18055
6.639016,2.15042
6.539708,2.119296
6.437556,2.087111
6.332564,2.054109
6.225092,2.020314
6.115112,1.985785
6.003032,1.950538
5.889164,1.914792
5.773612,1.8785
5.656688,1.841689
5.53888,1.804575
5.419996,1.76721
5.300284,1.729535
5.17992,1.691642
5.059176,1.653662
4.938188,1.61553
4.817228,1.577443
4.696372,1.539383
4.57586,1.501429
4.455764,1.463531
4.336276,1.425884
4.2176,1.388483
4.099844,1.351339
3.983286,1.314568
3.867958,1.278208
3.753932,1.242156
3.641434,1.206647
3.53056,1.171612
3.421244,1.137102
3.313808,1.103147
3.20821,1.069751
3.10466,1.037031
3.003086,1.00493
2.903608,0.973441
2.806304,0.9426235
2.711124,0.912503
2.618198,0.8830775
2.527648,0.854414
2.439392,0.82646
2.353512,0.7992185
2.269916,0.772739
2.188616,0.7469675
2.109676,0.7219205
2.033129,0.697636
1.958918,0.674088
1.886991,0.6512435
1.817452,0.6291515
1.750334,0.6078535
1.68545,0.587267
1.62283,0.567368
1.562481,0.548151
1.50432,0.5296275
1.448296,0.5118018
1.394365,0.4946618
1.342527,0.4781523
1.292718,0.462265
1.244957,0.4470628
1.199101,0.4324923
1.155187,0.4184908
1.113156,0.4050935
1.072979,0.392265
1.034564,0.3800003
0.997927,0.3683088
0.9628665,0.3571178
0.929406,0.3464638
0.8975125,0.3362845
0.8671815,0.3265763
0.8382655,0.3173445
0.8107325,0.308547
0.7845,0.3001653
0.759597,0.2922038
0.735926,0.284637
0.7134765,0.2774295
0.6921495,0.2706048
0.671922,0.2641293
0.652752,0.2579688
0.634557,0.252152
0.6173315,0.2466395
0.601012,0.2414113
0.5855765,0.2364604
0.5709555,0.2317658
0.5571015,0.2273273
0.5440905,0.2231483
0.531735,0.219191
0.5200755,0.2154496
0.509081,0.2119104
0.4986928,0.2085603
0.4888645,0.2054009
0.479593,0.2024271
0.4708163,0.1996058
0.46256,0.1969384
0.4547465,0.194441
0.4473838,0.1920811
0.440445,0.1898301
0.4339028,0.1877243
0.4277105,0.1857403
0.421866,0.1838676
0.4163515,0.1820886
0.4111483,0.1804134
0.4062433,0.1788358
0.4015818,0.177329
0.397173,0.1759056
0.3930043,0.1745663
0.389059,0.1733066
0.3853513,0.1721149
0.3818275,0.1709915
0.3784703,0.1699103
0.3752883,0.1688915
0.3722798,0.1679208
0.369413,0.1669939
0.36671,0.1661091
0.3641195,0.1652766
0.3616523,0.1644826
0.3593118,0.1637288
0.357071,0.163025
0.3549305,0.1623265
0.3528938,0.1616643
0.3509365,0.1610554
0.349077,0.1604626
0.347298,0.1599041
0.3455605,0.1593449
0.3439258,0.1588106
0.3423393,0.1583039
0.3408233,0.1578135
0.3393358,0.1573364
0.337934,0.1569063
0.336578,0.1564738
0.335221,0.1560305
0.3339493,0.15562
0.3326995,0.1552203
0.3314963,0.1548283
0.3303103,0.1544515
0.3291793,0.1540778
0.32808,0.1537278
0.327002,0.1533775
0.325971,0.1530561
0.3249368,0.1527263
0.3239683,0.1524076
0.3229635,0.1520916
0.3220123,0.151788
0.3210768,0.1514901
0.3201725,0.1511926
0.3192953,0.1509241
0.318385,0.1506366
0.3175293,0.150374
0.3166933,0.1501005
0.3159043,0.1498513
0.3151023,0.1495971
0.3142755,0.149348
0.31351,0.149106
0.3127318,0.1488648
0.3119823,0.1486296
0.3112425,0.1483848
0.3105468,0.1481545
0.3098323,0.147911
0.3091183,0.1476783
0.308461,0.1474683
0.3077363,0.1472488
0.307058,0.1470424
0.3064008,0.146824
0.3057515,0.1466223
0.3050945,0.1464129
0.3044853,0.1462149
0.303852,0.1460258
0.3032488,0.1458334
0.3026313,0.1456285
0.302025,0.1454339
0.3014233,0.1452513
0.3008448,0.1450726
0.3002525,0.1448836
0.299677,0.1447026
0.2991033,0.1445138
0.2985558,0.144347
0.2979883,0.1441576
0.2974405,0.1439858
0.2969085,0.1438218
0.2963668,0.1436404
0.2958463,0.1434738
0.29534,0.1433216
0.294824,0.14316
0.294333,0.1430133
0.2938175,0.1428456
0.2933325,0.1426859
0.2928373,0.1425304
0.2923415,0.1423829
0.2918445,0.14223
0.291357,0.1420741
0.2908598,0.1419075
0.2904043,0.1417646
0.289965,0.141618
0.2895068,0.1414631
0.289055,0.141316
0.2885983,0.1411801
0.2881575,0.1410485
0.2877288,0.1408996
0.2872805,0.1407536
0.2868648,0.1406281
0.2864375,0.1404946
0.2860045,0.1403704
0.2855753,0.1402426
0.285168,0.1400994
0.284744,0.1399653
0.28434,0.1398394
0.2839418,0.1397251
0.283558,0.1395923
0.283162,0.1394733
0.2827918,0.1393483
0.2823885,0.1392219
0.281988,0.1390881
0.281629,0.1389778
0.281261,0.1388668
0.2808745,0.1387491
0.2805185,0.1386399
0.2801635,0.1385193
0.2797945,0.1383998
0.2794373,0.1382774
0.2790725,0.1381634
0.2787205,0.1380595
0.2784,0.1379555
0.2780378,0.1378421
0.2776988,0.137739
0.277369,0.1376389
0.277019,0.1375193
0.2766918,0.1374253
0.2763713,0.1373069
0.276051,0.1372069
0.2757015,0.137102
0.2753793,0.1370029
0.2750755,0.1368855
0.2747418,0.1367975
0.2744268,0.1366939
0.2741263,0.1366076
0.273829,0.1365078
0.2734995,0.1363953
0.2732233,0.1363111
0.272921,0.1362105
0.272615,0.1361215
0.2723323,0.1360284
0.272047,0.1359278
0.2717688,0.1358394
0.2714783,0.1357521
0.271186,0.1356678
0.2708985,0.1355913
0.2706245,0.1354878
0.2703575,0.1353976
0.270094,0.1353034
0.2698133,0.1352326
0.269539,0.1351469
0.2692773,0.1350758
0.269016,0.1349775
0.2687528,0.134893
0.268488,0.1348103
0.2682518,0.1347309
0.2679955,0.1346515
0.2677288,0.1345594
0.2674788,0.1344931
0.2672293,0.1344151
0.2669693,0.1343318
0.2667125,0.1342466
0.2664845,0.1341739
0.2662748,0.1341111
0.2660113,0.134018
0.2657843,0.133948
0.2655545,0.1338784
0.2653205,0.1337995
0.2650698,0.1337174
0.2648393,0.1336448
0.2646235,0.1335874
0.264397,0.1335129
0.2641593,0.1334433
0.263935,0.1333625
0.263692,0.1332885
0.263501,0.1332218
0.2633,0.133165
0.2630818,0.1330951
0.2628723,0.13301
0.262647,0.1329576
0.262441,0.1328873
0.2622138,0.1328075
0.2620038,0.1327476
0.2618133,0.1326834
0.26161,0.132624
0.2613883,0.1325498
0.261205,0.132483
0.2609901,0.1324281
0.26077,0.1323649
0.2605753,0.1323004
0.2603916,0.132249
0.260189,0.1321858
0.2600289,0.1321264
0.2598205,0.132066
0.2596266,0.1320096
0.2594493,0.1319575
0.2592609,0.1318919
0.2590776,0.1318413
0.2588825,0.1317773
0.2586934,0.1317148
0.258519,0.1316449
0.2583628,0.1316013
0.258159,0.1315438
0.257987,0.1314779
0.2578031,0.1314235
0.2576413,0.1313624
0.2574781,0.1313233
0.2573168,0.1312731
0.2571389,0.1312063
0.2569761,0.1311476
0.2567789,0.1310944
0.2566246,0.1310565
0.2564581,0.1309867
0.2562633,0.130953
0.256126,0.1309077
0.25597,0.1308409
0.2558041,0.1307803
0.2556328,0.1307246
0.2554905,0.1306808
0.255329,0.1306393
0.2551696,0.1305916
0.2550194,0.1305384
0.2548808,0.1304789
0.2547108,0.1304378
0.2545456,0.1303814
0.2544179,0.1303552
0.2542708,0.1303045
0.2541049,0.1302554
0.253957,0.1302013
0.2538259,0.1301681
0.2536594,0.1301103
0.2535194,0.1300621
0.2533736,0.1300242
0.253251,0.1299789
0.2530808,0.1299382
0.2529469,0.1298831
0.252814,0.1298401
0.252688,0.1297846
0.2525239,0.1297362
0.2524003,0.1297045
0.252248,0.1296715
0.2521256,0.1296361
0.2520071,0.1295914
0.2518634,0.1295503
0.251733,0.1295165
0.2515926,0.1294533
0.2514816,0.1294178
0.2513508,0.1293755
0.2512208,0.1293239
0.251078,0.1292835
0.2509524,0.1292602
0.2508385,0.1292025
0.2506918,0.1291671
0.2505869,0.1291219
0.2504568,0.1290924
0.2503294,0.129056
0.2501876,0.1290191
0.2500875,0.1289888
0.2499598,0.1289416
0.2498403,0.1289061
0.2497119,0.1288631
0.2495978,0.1288285
0.2494734,0.1288021
0.2493906,0.128758
0.2492718,0.1287216
0.2491546,0.1286751
0.2490559,0.12864
0.2489455,0.1286128
0.248847,0.1285829
0.2487125,0.1285444
0.2486045,0.1285087
0.2484895,0.1284733
0.248377,0.1284366
0.248252,0.1283864
0.2481594,0.1283659
0.2480541,0.1283414
0.2479449,0.1283013
0.2478379,0.1282681
0.2477398,0.1282384
0.2476404,0.1282033
0.24753,0.1281708
0.2474343,0.1281401
0.2473549,0.1280998
0.247221,0.1280673
0.2471366,0.128031
0.2470403,0.128001
0.2469356,0.1279719
0.2468063,0.1279349
0.2467248,0.1279007
0.2466339,0.1278687
0.246544,0.1278398
0.2464469,0.1278166
0.2463495,0.1277982
0.2462408,0.1277698
0.2461621,0.1277309
0.2460681,0.1277019
0.2459718,0.1276766
0.2458839,0.1276417
0.245795,0.1276241
0.2457034,0.1275909
0.2455804,0.1275529
0.2454854,0.1275243
0.2454056,0.1274996
0.2453185,0.1274709
0.2452388,0.1274341
0.2451349,0.1274021
0.2450671,0.1273924
0.2449816,0.1273612
0.244892,0.1273258
0.2447909,0.1272959
0.2447153,0.1272719
0.2446278,0.1272495
0.2445194,0.1272117
0.2444599,0.1271999
0.2443764,0.1271715
0.2442773,0.1271239
0.2442146,0.1271054
0.2441264,0.1270962
0.2440555,0.1270661
0.2439741,0.1270322
0.2438931,0.1270126
0.24381,0.1269829
0.2437078,0.1269636
0.2436516,0.1269387
0.2435553,0.1269096
0.2434891,0.1268868
0.243407,0.1268504
0.2433229,0.1268248
0.2432551,0.1267963
0.2431693,0.1267738
0.2430835,0.12675
0.2430219,0.1267348
0.2429445,0.126712
0.2428651,0.1266943
0.2428158,0.1266722
0.2427303,0.12665
0.2426359,0.1266172
0.2425685,0.1265904
0.2425154,0.1265764
0.2424595,0.1265402
0.2423628,0.1265204
0.2423025,0.1265022
0.242215,0.1264864
0.2421356,0.1264664
0.242059,0.1264341
0.2419923,0.1264201
0.2419329,0.1264005
0.2418655,0.1263728
0.2418195,0.1263546
0.2417286,0.1263339
0.2416513,0.1262989
0.2415814,0.1262846
0.2415099,0.1262676
0.2414613,0.1262381
0.2414023,0.1262091
0.2413471,0.1262083
0.2412735,0.1261883
0.241203,0.1261642
0.2411475,0.1261374
0.2411023,0.1261313
0.2410235,0.1261008
0.2409496,0.1260829
0.240903,0.1260571
0.2408396,0.1260334
0.2407701,0.1260157
0.2407225,0.1259886
0.2406669,0.1259787
0.240609,0.1259573
0.2405468,0.1259397
0.2405038,0.1259247
0.2404295,0.1258968
0.2403594,0.1258868
0.2402881,0.125867
0.2402251,0.1258598
0.2401744,0.1258445
0.2401074,0.1258184
0.2400709,0.1258062
0.2400083,0.1257897
0.2399439,0.1257658
0.2399036,0.1257379
0.2398288,0.1257306
0.2397906,0.1257181
0.2397336,0.1256964
0.2396888,0.1256826
0.2396309,0.1256558
0.2395456,0.1256369
0.2394858,0.1256234
0.2394796,0.1256054
0.2394084,0.1255877
0.2393468,0.125563
0.239313,0.1255569
0.2392541,0.1255351
0.2391799,0.1255257
0.2391396,0.1255116
0.2391121,0.1254937
0.2390385,0.1254841
0.2389796,0.1254646
0.238936,0.1254402
0.238874,0.1254135
0.2388066,0.1254018
0.2387664,0.1253837
0.2387241,0.1253745
0.2386973,0.1253491
0.238655,0.125329
0.2386039,0.1253222
0.238511,0.1252982
0.2384653,0.125288
0.238419,0.1252757
0.2383713,0.1252684
0.2383315,0.1252536
0.2382804,0.1252306
0.2382253,0.1252129
0.2381856,0.1251988
0.2381281,0.1251814
0.2380778,0.1251741
0.238042,0.1251626
0.2380113,0.1251448
0.2379374,0.1251284
0.2379135,0.1251161
0.2378564,0.1251117
0.2378318,0.1250952
0.2377794,0.1250796
0.2377326,0.1250684
0.2376925,0.1250451
0.237653,0.1250176
0.2376005,0.1250049
0.2375693,0.1250116
0.2374963,0.124999
0.2374701,0.1249741
0.2374313,0.1249706
0.2373948,0.1249486
0.2373256,0.1249248
0.2372958,0.1249089
0.2372559,0.1248927
0.2371888,0.1248699
0.2371408,0.1248633
0.2371271,0.1248605
0.237075,0.124836
0.2370338,0.1248306
0.2370055,0.1248215
0.2369445,0.1248069
0.2368904,0.1247834
0.2368481,0.1247662
0.2368185,0.1247636
0.2368059,0.1247624
0.2367425,0.1247528
0.2367018,0.1247362
0.236684,0.1247296
0.2366323,0.1247094
0.2365951,0.1246996
0.2365671,0.1246889
0.2365136,0.1246666
0.2364741,0.1246686
0.2364401,0.1246579
0.2363985,0.1246386
0.2363578,0.1246213
0.2363063,0.1246011
0.2362861,0.1246011
0.2362586,0.1245974
0.2362146,0.1245748
0.2361748,0.1245609
0.2361503,0.1245414
0.2361141,0.1245268
0.236047,0.1245211
0.2360259,0.1245153
0.2360035,0.1245043
0.2359728,0.1244935
0.2359261,0.1244755
0.2358836,0.1244683
0.2358311,0.1244617
0.2357828,0.1244375
0.2357456,0.1244423
0.2357286,0.1244274
0.2356931,0.1244143
0.2356516,0.1244036
0.2356206,0.12439
0.2355859,0.1243861
0.2355556,0.1243793
0.2355426,0.1243694
0.2354976,0.1243532
0.2354466,0.1243449
0.2354269,0.1243308
0.2354016,0.1243219
0.2353771,0.1243086
0.2353315,0.1242946
0.2353181,0.1242946
0.235293,0.1242761
0.2352613,0.1242594
0.2352068,0.1242468
0.2351955,0.1242449
0.2351574,0.1242258
0.2350938,0.1242139
0.23509,0.1242105
0.2350474,0.1242089
0.2350065,0.1242008
0.2349864,0.1242078
0.2349603,0.1241924
0.2349101,0.1241666
0.2348771,0.1241511
0.2348641,0.1241492
0.2348451,0.1241461
0.2347916,0.1241304
0.2347988,0.1241204
0.2347636,0.1241054
0.234715,0.1241081
0.2346878,0.1240877
0.2346591,0.1240898
0.2346346,0.124077
0.2346141,0.1240743
0.2345756,0.1240561
0.2345314,0.1240426
0.2344933,0.1240359
0.2344616,0.1240251
0.2344439,0.124031
0.2344044,0.1240075
0.2343608,0.1240108
0.2343349,0.1239986
0.2343181,0.1239901
0.2342859,0.1239559
0.2342541,0.1239401
0.2342528,0.1239526
0.2342334,0.1239488
0.2342154,0.1239452
0.2341619,0.1239326
0.2341319,0.1239244
0.2340873,0.1239149
0.2340576,0.1239053
0.2340406,0.1238949
0.2340334,0.1238854
0.2340008,0.1238649
0.2339806,0.1238534
0.233952,0.1238639
0.233933,0.123853
0.23389,0.1238461
0.233857,0.1238416
0.2338465,0.123828
0.2338349,0.1238229
0.2338043,0.1238069
0.233776,0.1238071
0.2337508,0.1237933
0.2337081,0.1237893
0.2336931,0.1237703
0.2336635,0.1237686
0.233622,0.1237651
0.2336084,0.1237469
0.2335928,0.1237549
0.2335719,0.1237398
0.2335345,0.123733
0.2335065,0.123719
0.2334824,0.1237188
0.2334626,0.1237154
0.2334506,0.1237018
0.23342,0.1236844
0.2333973,0.1236858
0.233373,0.1236724
0.233343,0.1236642
0.2333288,0.1236689
0.2333175,0.1236616
0.2332798,0.1236526
0.2332575,0.1236485
0.233231,0.1236412
0.2331976,0.123626
0.2331933,0.1236146
0.2331649,0.1236085
0.2331578,0.1236027
0.2331214,0.1235894
0.2330801,0.1235746
0.233047,0.1235702
0.2330126,0.1235686
0.2330263,0.1235724
0.2329915,0.1235634
0.2329643,0.1235462
0.2329419,0.1235454
0.2329425,0.1235463
0.2329058,0.1235353
0.2328898,0.123531
0.232873,0.1235201
0.2328594,0.1235133
0.2328216,0.1235041
0.232793,0.1234922
0.2327855,0.1234966
0.2327446,0.1234864
0.2327184,0.1234806
0.2327089,0.1234624
0.2327006,0.1234631
0.2326898,0.1234544
0.232655,0.1234579
0.2326588,0.1234421
0.2326319,0.1234358
0.23259,0.1234253
0.2325754,0.1234279
0.2325618,0.1234236
0.232546,0.1234229
0.2325253,0.1234084
0.2325158,0.1234106
0.2325049,0.1234081
0.2324909,0.1233919
0.2324524,0.1233813
0.232416,0.1233704
0.2324285,0.1233776
0.2323846,0.1233779
0.2323673,0.1233564
0.2323465,0.1233736
0.2323294,0.1233551
0.2323155,0.1233501
0.2322944,0.1233515
0.2322903,0.1233338
0.2322715,0.1233314
0.2322316,0.1233283
0.2322221,0.1233236
0.2321826,0.123304
0.2321741,0.1233001
0.2321793,0.1232987
0.2321449,0.1232933
0.2321299,0.1232906
0.2321084,0.1232836
0.2320883,0.1232751
0.2320689,0.1232629
0.2320468,0.1232633
0.2320608,0.1232578
0.2320355,0.1232493
0.2320249,0.1232386
0.2320004,0.1232279
0.2319806,0.1232335
0.2319323,0.1232187
0.231917,0.1232154
0.2318963,0.1232169
0.2318975,0.1232066
0.2318748,0.1232037
0.2318728,0.1232084
0.2318428,0.1232014
0.2318284,0.1231798
0.2318148,0.1231737
0.2318141,0.1231776
0.231796,0.1231804
0.2317818,0.1231643
0.2317453,0.123165
0.2317085,0.1231509
0.2316901,0.1231511
0.2316996,0.1231473
0.2316796,0.1231487
0.2316708,0.1231304
0.2316643,0.123133
0.2316445,0.1231231
0.2316023,0.1231219
0.231593,0.1231194
0.2315801,0.1231105
0.2315754,0.1231107
0.2315423,0.1231046
0.2315294,0.1231044
0.2315086,0.123093
0.2314878,0.1230736
0.2314783,0.1230702
0.2314824,0.1230696
0.2314646,0.1230739
0.2314395,0.1230778
0.231417,0.1230658
0.2313864,0.1230625
0.2313989,0.1230722
0.231359,0.1230465
0.2313578,0.1230383
0.2313418,0.1230363
0.2313363,0.1230252
0.2313206,0.1230343
0.2312958,0.1230218
0.2312723,0.1230134
0.2312661,0.123017
0.2312341,0.1230121
0.2312426,0.1230078
0.2312279,0.122991
0.2312218,0.1230089
0.2312031,0.1229927
0.2311748,0.1229881
0.2311605,0.1229798
0.2311408,0.1229765
0.2311291,0.1229734
0.2311313,0.1229706
0.2310971,0.1229656
0.2310758,0.1229539
0.2310584,0.1229574
0.2310521,0.1229564
0.2310403,0.1229431
0.231027,0.1229331
0.2310311,0.122931
0.2310144,0.1229319
0.2310073,0.1229251
0.230979,0.1229147
0.2309729,0.1229126
0.2309486,0.1229119
0.2309411,0.1229181
0.2309344,0.1229088
0.230916,0.1228995
0.2309034,0.1229029
0.2308935,0.122898
0.2308775,0.1228873
0.2308611,0.1228847
0.2308618,0.1228743
0.2308291,0.1228592
0.230824,0.1228585
0.2308073,0.1228628
0.2307991,0.1228611
0.2307835,0.122852
0.2307651,0.1228525
0.2307488,0.1228527
0.2307528,0.122842
0.2307528,0.1228546
0.230747,0.1228469
0.2307184,0.1228391
0.230686,0.1228261
0.2306959,0.1228289
0.2306676,0.1228278
0.2306741,0.1228271
0.2306625,0.1228149
0.2306323,0.1228066
0.230619,0.1228091
0.2305999,0.1228073
0.2305876,0.1227923
0.2305781,0.1227946
0.2305866,0.1227861
0.2305618,0.1227878
0.2305488,0.1227854
0.2305341,0.1227779
0.2304956,0.1227689
0.230515,0.122773
0.2305055,0.1227553
0.23051,0.1227652
0.2305008,0.1227641
0.2304838,0.1227541
0.2304593,0.1227483
0.2304504,0.122743
0.2304364,0.1227478
0.2304214,0.1227422
0.2304115,0.1227324
0.230402,0.1227326
0.2303823,0.1227281
0.2303751,0.1227161
0.2303781,0.1227138
0.2303468,0.1227105
0.230343,0.1227169
0.230339,0.1227042
0.2303264,0.1227134
0.2303155,0.1227096
0.2302818,0.122702
0.2302648,0.1226812
0.2302583,0.1226848
0.2302638,0.1226826
0.2302638,0.1226943
0.2302573,0.1226894
0.2302259,0.1226759
0.2302211,0.1226741
0.2301959,0.1226739
0.2301881,0.1226727
0.2301836,0.1226683
0.2301666,0.1226701
0.2301554,0.1226608
0.2301451,0.1226523
0.2301503,0.1226529
0.2301166,0.1226379
0.2301046,0.1226528
0.2301111,0.1226483
0.230105,0.1226518
0.2300934,0.1226349
0.2300873,0.1226398
0.2300768,0.1226284
0.2300423,0.1226272
0.2300413,0.1226283
0.2300345,0.1226288
0.2300423,0.1226262
0.2300178,0.122618
0.2299861,0.1226128
0.2299953,0.1226043
0.2299688,0.1225973
0.2299783,0.1226085
0.22998,0.1225921
0.2299691,0.1225937
0.2299473,0.1225925
0.2299405,0.1225848
0.2299208,0.1225754
0.2299048,0.1225759
0.2298914,0.1225669
0.2298864,0.1225653
0.229885,0.1225632
0.2298625,0.1225683
0.2298574,0.1225671
0.2298556,0.1225617
0.2298611,0.1225722
0.2298329,0.1225669
0.22981,0.1225574
0.2298301,0.1225555
0.2298108,0.1225474
0.2297971,0.1225542
0.2297913,0.1225479
0.2297671,0.1225455
0.2297553,0.1225281
0.2297511,0.1225343
0.2297634,0.122537
0.2297413,0.1225242
0.2297525,0.1225261
0.2297348,0.1225129
0.2297146,0.1225044
0.2296963,0.1225004
0.2297008,0.1224956
0.2297181,0.1225034
0.2296806,0.1225028
0.2296956,0.1224931
0.2296755,0.1224966
0.2296428,0.1224878
0.2296326,0.1224864
0.2296421,0.1224873
0.2296479,0.1224905
0.2296268,0.122485
0.229624,0.122476
0.2296129,0.1224782
0.2295829,0.1224826
0.2295661,0.1224868
0.2295808,0.122485
0.2295849,0.1224809
0.2295314,0.1224683
0.2295501,0.1224612
0.2295375,0.1224551
0.2295168,0.1224566
0.2295086,0.1224729
0.2295073,0.1224617
0.229495,0.1224589
0.2294879,0.122444
0.2294895,0.1224617
0.2294899,0.1224471
0.2294711,0.1224479
0.2294763,0.1224464
0.2294623,0.1224481
0.2294405,0.1224386
0.2294446,0.1224328
0.2294421,0.1224302
0.2294218,0.1224319
0.2293843,0.122422
0.2293963,0.1224176
0.2293949,0.1224217
0.2294054,0.1224166
0.229402,0.1224161
0.2293696,0.1224181
0.2293568,0.1224152
0.2293434,0.1223968
0.2293564,0.1223999
0.2293274,0.1224008
0.2293406,0.1224006
0.2293189,0.1223859
0.2293076,0.1223956
0.2292981,0.1223868
0.2292825,0.1223854
0.2292889,0.1223757
0.2292593,0.1223905
0.2292798,0.1223779
0.2292699,0.1223767
0.22928,0.1223815
0.2292276,0.1223828
0.2292504,0.1223799
0.229213,0.1223713
0.2292304,0.1223711
0.2292194,0.1223687
0.2292399,0.1223626
0.2292004,0.1223692
0.2292065,0.122359
0.2292034,0.1223451
0.2292008,0.1223398
0.2291848,0.1223517
0.2291748,0.1223531
0.2291476,0.1223501
0.2291544,0.1223442
0.2291431,0.122344
0.2291299,0.1223403
0.229135,0.1223379
0.2291394,0.1223449
0.2291374,0.1223333
0.2291271,0.1223289
0.2291111,0.1223311
0.2291033,0.1223348
0.2291258,0.1223259
0.2290979,0.1223141
0.2290863,0.1223163
0.2291023,0.1223203
0.2290815,0.1223168
0.2290468,0.1223158
0.2290324,0.1223139
0.2290373,0.1223062
0.2290284,0.1223055
0.2290276,0.1223122
0.2290276,0.1223101
0.2290045,0.1222955
0.2290201,0.1222929
0.2290181,0.1222911
0.2289881,0.1222965
0.2289763,0.1222948
0.2289804,0.1222866
0.2289899,0.1222878
0.2289933,0.1222742
0.2289555,0.1222788
0.2289446,0.1222808
0.2289303,0.1222711
0.2289334,0.1222672
0.2289439,0.1222693
0.228918,0.1222709
0.2289111,0.1222643
0.2289149,0.1222655
0.2289003,0.1222514
0.2288639,0.1222585
0.2288505,0.1222461
0.2288523,0.1222504
0.2288938,0.1222659
0.2288878,0.1222591
0.2288758,0.1222534
0.2288666,0.1222481
0.2288578,0.1222408
0.2288155,0.1222323
0.2288311,0.1222464
0.2288475,0.1222485
0.2288635,0.1222466
0.2288424,0.1222417
0.2288124,0.1222284
0.2288039,0.1222343
0.2287763,0.1222158
0.2287675,0.1222164
0.2287626,0.1222286
0.2287675,0.1222345
0.2287746,0.1222241
0.2287733,0.1222224
0.2287671,0.1222115
0.2287368,0.1221933
0.2287371,0.1221978
0.2287586,0.1222079
0.2287304,0.1222139
0.2287351,0.1222046
0.2287296,0.1222078
0.2287368,0.12221
0.228697,0.122203
0.228729,0.1222011
0.2287306,0.1222064
0.2286911,0.1222011
0.2286973,0.1221921
0.2287041,0.1221866
0.2286976,0.1221983
0.2286548,0.1221903
0.2286708,0.1221984
0.2286479,0.1222009
0.228639,0.1221959
0.2286356,0.1221809
0.2286401,0.1221894
0.2286414,0.1221863
0.2286149,0.1221676
0.2286251,0.1221802
0.2286346,0.1221802
0.2286204,0.1221906
0.2285896,0.1221673
0.2285979,0.1221712
0.2285941,0.1221603
0.2285659,0.1221487
0.2285798,0.1221584
0.2285771,0.122157
0.2285859,0.122147
0.2285886,0.1221482
0.2285689,0.1221483
0.2285515,0.1221466
0.2285288,0.1221374
0.2285501,0.1221454
0.2285246,0.1221438
0.2285266,0.1221427
0.2285294,0.1221441
0.2285134,0.1221318
0.228527,0.1221262
0.2285069,0.1221283
0.2285158,0.1221374
0.2285236,0.1221299
0.2285049,0.1221334
0.2285151,0.1221414
0.2284889,0.1221279
0.2284943,0.1221284
0.2284508,0.1221226
0.2284654,0.1221346
0.2284681,0.1221291
0.2284398,0.122131
0.228467,0.1221329
0.2284446,0.1221209
0.2284334,0.1221165
0.2284306,0.1221143
0.2284344,0.1221008
0.2284476,0.1221116
0.2284068,0.1221257
0.2284166,0.1221223
0.2284133,0.1221102
0.2284146,0.1221051
0.2284038,0.1221031
0.2283655,0.1220932
0.2283805,0.122092
0.2283904,0.1220937
0.2283888,0.1220945
0.2283489,0.1221019
0.228369,0.1220966
0.2283761,0.1220841
0.2283778,0.1220865
0.2283641,0.1220833
0.2283495,0.122085
0.2283431,0.1220773
0.228342,0.1220716
0.2283359,0.1220819
0.2283193,0.1220716
0.228326,0.1220712
0.2283209,0.1220808
0.2282974,0.1220808
0.2283161,0.1220806
0.228294,0.1220639
0.2282873,0.1220618
0.2282873,0.1220533
0.2282825,0.122061
0.228262,0.1220679
0.22828,0.1220698
0.2282855,0.1220608
0.2282565,0.1220542
0.2282685,0.1220489
0.2282395,0.1220486
0.2282488,0.1220474
0.2282419,0.1220465
0.2282511,0.1220489
0.2282413,0.1220543
0.2282358,0.1220503
0.2282283,0.1220482
0.2282168,0.1220456
0.2282106,0.1220364
0.2282038,0.1220407
0.2282095,0.1220392
0.2282225,0.1220246
0.2282051,0.1220346
0.2282201,0.1220401
0.2281684,0.1220419
0.2282103,0.1220288
0.2281994,0.1220392
0.228166,0.1220303
0.2281591,0.1220308
0.2281789,0.1220308
0.2281769,0.1220339
0.2281534,0.1220326
0.2281258,0.1220296
0.2281475,0.1220286
0.2281548,0.1220344
0.2281408,0.1220366
0.2281575,0.1220199
0.2281271,0.1220159
0.2281013,0.122
0.2281268,0.122014
0.2281336,0.1220186
0.2281084,0.1220085
0.2281179,0.1220123
0.2281121,0.1220138
0.2281013,0.1220153
0.2280999,0.1220116
0.2280971,0.1220056
0.2280821,0.1220073
0.2280798,0.1220012
0.2280638,0.1220041
0.2280726,0.1219956
0.228073,0.1219981
0.2280699,0.1219929
0.2280758,0.1219988
0.2280833,0.1220002
0.2280958,0.1219974
0.2280549,0.1220031
0.2280318,0.1219969
0.2280389,0.1219803
0.228042,0.1219915
0.2280284,0.1219843
0.2280219,0.1219927
0.2280563,0.1220075
0.2280124,0.1219943
